id,first_name,last_name,email,gender,ip_address
1,Haze,Biford,hbiford0@europa.eu,Male,6.91.123.219
2,Merola,Janota,mjanota1@privacy.gov.au,Female,77.14.203.35
3,Anatole,Siburn,asiburn2@slideshare.net,Male,141.45.222.93
4,Hildegaard,Mussington,hmussington3@phoca.cz,Female,155.141.184.6
5,Albie,Kemmett,akemmett4@goo.gl,Male,68.12.50.131
6,Corette,Zannotti,czannotti5@php.net,Female,192.170.210.87
7,Kata,Hepher,khepher6@slate.com,Female,138.238.183.53
8,Ahmed,Celes,aceles7@cam.ac.uk,Male,9.24.219.104
9,Astra,McKleod,amckleod8@jalbum.net,Female,183.19.58.245
10,Saudra,Moscon,smoscon9@trellian.com,Female,8.252.235.104
11,Kalinda,Neising,kneisinga@howstuffworks.com,Female,152.168.240.52
12,Ediva,Mattack,emattackb@nytimes.com,Female,50.31.73.14
13,Morganne,Bissill,mbissillc@toplist.cz,Polygender,161.189.90.140
14,Livvie,Lackmann,llackmannd@tinyurl.com,Female,64.90.78.144
15,Bordie,Vinau,bvinaue@yelp.com,Male,21.66.112.190
16,Damian,Collomosse,dcollomossef@illinois.edu,Male,234.111.31.122
17,Laird,Gianninotti,lgianninottig@imgur.com,Male,104.16.167.111
18,Willdon,Arlett,warletth@ed.gov,Male,25.46.183.244
19,Lynnett,Fritter,lfritteri@bing.com,Female,218.222.59.87
20,Ogden,Clayfield,oclayfieldj@ocn.ne.jp,Genderfluid,135.89.99.34
21,Whit,Madders,wmaddersk@fotki.com,Male,133.213.3.227
22,Brynna,Zoanetti,bzoanettil@tripod.com,Female,115.192.29.72
23,Gloriana,Ceyssen,gceyssenm@lycos.com,Female,174.202.232.122
24,Celestia,Jore,cjoren@whitehouse.gov,Female,205.207.244.189
25,Brocky,Pauletto,bpaulettoo@google.it,Male,46.80.12.146
26,Ranice,Twitching,rtwitchingp@va.gov,Female,110.100.51.18
27,Phillie,Cleary,pclearyq@intel.com,Female,42.250.56.243
28,Nariko,Gaukrodge,ngaukrodger@google.ca,Female,229.208.122.245
29,Orran,Vinnicombe,ovinnicombes@whitehouse.gov,Male,9.173.12.166
30,Portie,Heustice,pheusticet@tumblr.com,Male,66.13.243.55
31,Milo,Kennelly,mkennellyu@wikipedia.org,Male,72.65.113.45
32,Annice,Leethem,aleethemv@nature.com,Female,232.39.44.77
33,Valery,Gabala,vgabalaw@hostgator.com,Female,81.226.89.190
34,Kendrick,Andreia,kandreiax@woothemes.com,Male,152.125.191.44
35,Jess,Kobierra,jkobierray@51.la,Male,26.153.111.185
36,Kelsy,Crocket,kcrocketz@mapy.cz,Female,239.70.141.244
37,Martguerita,Lebond,mlebond10@mapquest.com,Female,119.95.91.142
38,Francyne,Pull,fpull11@springer.com,Female,159.157.59.29
39,Nicholle,Micco,nmicco12@printfriendly.com,Female,49.249.121.110
40,Kata,Hullin,khullin13@cbc.ca,Female,14.208.188.28
41,Jerri,Naismith,jnaismith14@fda.gov,Male,182.211.49.210
42,Sebastien,Creaney,screaney15@twitpic.com,Male,76.153.191.211
43,Lexie,Bilt,lbilt16@wisc.edu,Female,132.213.236.7
44,Cassius,Pieroni,cpieroni17@mac.com,Male,171.84.91.45
45,Hall,Witcher,hwitcher18@cam.ac.uk,Male,19.60.101.220
46,Lani,Gravet,lgravet19@miitbeian.gov.cn,Female,213.161.110.170
47,Teodorico,Gamble,tgamble1a@scientificamerican.com,Male,99.248.238.234
48,Catherina,Seedull,cseedull1b@bloglovin.com,Female,9.76.179.81
49,Kathi,Yurocjhin,kyurocjhin1c@usda.gov,Female,241.197.122.186
50,Lon,O'Henecan,lohenecan1d@pinterest.com,Male,162.240.163.41
51,Blondell,Fransemai,bfransemai1e@webs.com,Polygender,93.6.144.232
52,Gregorius,Dales,gdales1f@dell.com,Male,208.250.196.206
53,Eadmund,Weepers,eweepers1g@slashdot.org,Male,116.18.213.139
54,Heath,Loghan,hloghan1h@weather.com,Male,209.55.218.2
55,Broderic,Sooper,bsooper1i@ebay.co.uk,Male,123.174.251.159
56,Mabel,Lattos,mlattos1j@usda.gov,Female,69.206.242.131
57,Hedy,Fresson,hfresson1k@oaic.gov.au,Female,206.5.131.32
58,Rowe,Sackett,rsackett1l@infoseek.co.jp,Female,136.74.122.94
59,Inessa,Michell,imichell1m@marketwatch.com,Female,189.241.71.129
60,Cori,Theyer,ctheyer1n@printfriendly.com,Male,151.69.240.63
61,Delinda,Schouthede,dschouthede1o@icio.us,Female,227.233.95.140
62,Amory,Vedmore,avedmore1p@google.com.au,Male,61.158.97.99
63,Tana,FitzGeorge,tfitzgeorge1q@altervista.org,Female,162.102.173.233
64,Lodovico,Gladbeck,lgladbeck1r@mac.com,Male,12.83.12.30
65,Bruno,Sawfoot,bsawfoot1s@yelp.com,Male,175.193.57.183
66,Emery,Povlsen,epovlsen1t@mapy.cz,Male,141.87.239.8
67,Gleda,Beatens,gbeatens1u@flavors.me,Female,229.58.101.72
68,Dulcinea,Ferreo,dferreo1v@dagondesign.com,Female,231.226.232.192
69,Oren,Cleatherow,ocleatherow1w@soundcloud.com,Male,143.32.185.159
70,Ky,Ruthen,kruthen1x@privacy.gov.au,Male,48.33.240.151
71,Malia,Ysson,mysson1y@twitpic.com,Female,19.123.117.165
72,Rolfe,Kohring,rkohring1z@t-online.de,Male,240.14.26.110
73,Prent,Cypler,pcypler20@simplemachines.org,Male,97.31.56.228
74,Jonathan,Aliberti,jaliberti21@purevolume.com,Male,205.184.63.124
75,Chick,Gravett,cgravett22@nsw.gov.au,Male,134.127.159.107
76,Ema,Lackemann,elackemann23@blinklist.com,Female,131.59.23.136
77,Nanine,Beneze,nbeneze24@google.ru,Female,60.111.230.117
78,Brandtr,Deelay,bdeelay25@vk.com,Male,70.238.104.219
79,Krispin,Philippart,kphilippart26@ftc.gov,Male,142.155.216.136
80,Joline,Harland,jharland27@ocn.ne.jp,Female,30.191.27.78
81,Amaleta,McNamee,amcnamee28@dell.com,Female,191.123.122.47
82,Grazia,Crispin,gcrispin29@technorati.com,Female,17.168.167.55
83,Marty,Antal,mantal2a@scribd.com,Female,150.96.122.230
84,Thorstein,Sharrier,tsharrier2b@europa.eu,Male,185.97.105.60
85,Kearney,Tatum,ktatum2c@oakley.com,Male,71.90.128.207
86,Thom,Haggerstone,thaggerstone2d@irs.gov,Male,128.240.96.83
87,Shirlene,Goadbie,sgoadbie2e@1und1.de,Female,136.115.78.104
88,Catlee,Levinge,clevinge2f@fastcompany.com,Female,62.124.229.145
89,Octavius,Ripley,oripley2g@patch.com,Male,249.134.58.8
90,Petr,Gyngell,pgyngell2h@bluehost.com,Male,252.138.179.174
91,Paton,Bennett,pbennett2i@wunderground.com,Male,249.65.171.104
92,Pauly,Skittle,pskittle2j@loc.gov,Male,176.149.70.214
93,Malanie,Storch,mstorch2k@scribd.com,Female,156.109.252.54
94,Sallyann,Mapham,smapham2l@ifeng.com,Female,197.236.55.219
95,Abbie,Trittam,atrittam2m@google.co.jp,Bigender,18.241.18.38
96,Karie,Spurge,kspurge2n@redcross.org,Bigender,83.27.43.247
97,Calley,Ecles,cecles2o@people.com.cn,Female,201.155.197.58
98,Evan,Haig,ehaig2p@mashable.com,Male,127.226.134.25
99,Caterina,Abbs,cabbs2q@hexun.com,Female,118.74.57.90
100,Chen,Samsworth,csamsworth2r@disqus.com,Male,102.207.168.52
101,Debee,Close,dclose2s@zdnet.com,Female,132.113.253.238
102,Verge,Underdown,vunderdown2t@mashable.com,Non-binary,49.103.41.171
103,Gustavus,Tivolier,gtivolier2u@google.nl,Male,249.20.41.110
104,Noam,Bour,nbour2v@trellian.com,Male,106.118.174.182
105,Cristionna,Raymond,craymond2w@webs.com,Female,20.169.176.54
106,Kaitlin,Palin,kpalin2x@ask.com,Female,64.82.19.45
107,Pierre,Riedel,priedel2y@japanpost.jp,Male,29.119.211.162
108,Uriel,Clemenson,uclemenson2z@parallels.com,Male,130.55.221.102
109,Sidney,Bartholat,sbartholat30@woothemes.com,Male,32.254.130.43
110,Donal,Kaesmakers,dkaesmakers31@edublogs.org,Male,109.108.1.97
111,Elena,Fancott,efancott32@ovh.net,Female,43.136.162.16
112,Meredeth,Tremethack,mtremethack33@google.es,Genderfluid,75.200.50.238
113,Broddy,Sturt,bsturt34@goo.gl,Male,229.81.50.70
114,Warner,Simcock,wsimcock35@posterous.com,Male,91.69.149.113
115,Seka,Batiste,sbatiste36@usatoday.com,Bigender,6.243.220.250
116,Sibelle,Frostdicke,sfrostdicke37@topsy.com,Female,67.76.52.174
117,Jennica,Balsellie,jbalsellie38@about.me,Non-binary,196.86.218.136
118,Mikel,Begent,mbegent39@alexa.com,Male,134.7.9.201
119,Milt,Garvan,mgarvan3a@csmonitor.com,Male,244.190.178.121
120,Eugenius,Quibell,equibell3b@nbcnews.com,Male,36.111.118.7
121,Haskel,Coyne,hcoyne3c@wikispaces.com,Male,171.52.81.72
122,Joann,Gally,jgally3d@tinypic.com,Female,78.97.73.125
123,Ethel,Indgs,eindgs3e@mapquest.com,Female,196.168.102.142
124,Bartolemo,Puckinghorne,bpuckinghorne3f@homestead.com,Male,110.188.163.59
125,Carolus,Egre,cegre3g@domainmarket.com,Male,24.222.248.123
126,Ivan,Soigne,isoigne3h@goo.gl,Male,137.228.108.169
127,Rowney,Louch,rlouch3i@census.gov,Male,20.60.48.241
128,Jordan,Bim,jbim3j@japanpost.jp,Genderqueer,117.33.178.126
129,Jerry,Hannaford,jhannaford3k@vimeo.com,Male,91.177.110.50
130,Lana,Pledger,lpledger3l@bloglovin.com,Female,141.202.15.31
131,Dominique,Heminsley,dheminsley3m@cpanel.net,Agender,152.74.32.43
132,Valida,Taylor,vtaylor3n@irs.gov,Female,199.46.148.31
133,Abbi,Milmo,amilmo3o@yahoo.co.jp,Female,82.130.94.127
134,Ches,Stener,cstener3p@about.com,Male,122.190.131.109
135,Carrissa,Enrrico,cenrrico3q@about.com,Female,186.73.155.92
136,Nanette,Hischke,nhischke3r@feedburner.com,Agender,66.159.249.179
137,Alberik,Casterton,acasterton3s@state.gov,Male,51.89.76.110
138,Marlo,Syddon,msyddon3t@over-blog.com,Male,104.96.113.242
139,Brewer,Swateridge,bswateridge3u@artisteer.com,Male,37.126.8.207
140,Jaquenetta,Pearson,jpearson3v@newyorker.com,Female,40.99.87.245
141,Nedi,Axton,naxton3w@addthis.com,Female,112.207.159.151
142,Harri,Sinkin,hsinkin3x@bloglines.com,Female,63.24.131.233
143,Audra,Pleaden,apleaden3y@youtube.com,Polygender,47.3.140.251
144,Gris,Seydlitz,gseydlitz3z@amazon.de,Male,32.80.109.223
145,Axel,Maycock,amaycock40@cocolog-nifty.com,Polygender,13.183.4.220
146,Paige,Semark,psemark41@amazon.com,Male,24.10.127.162
147,Fay,Licciardo,flicciardo42@salon.com,Female,27.250.51.42
148,Oswell,Ede,oede43@pagesperso-orange.fr,Male,148.57.64.222
149,Osmund,Frowing,ofrowing44@mlb.com,Male,138.9.240.128
150,Omero,Antic,oantic45@zimbio.com,Male,119.155.122.224
151,Lucretia,Fer,lfer46@themeforest.net,Female,181.68.137.153
152,Berke,Kull,bkull47@nydailynews.com,Male,7.158.190.219
153,Kinsley,Wiffler,kwiffler48@techcrunch.com,Male,194.59.29.111
154,Deirdre,Wiltshaw,dwiltshaw49@foxnews.com,Female,11.200.185.58
155,Amy,Fadden,afadden4a@mapy.cz,Female,156.135.234.247
156,Henderson,Heasly,hheasly4b@house.gov,Male,210.87.119.217
157,Caspar,Softley,csoftley4c@youku.com,Male,216.7.226.202
158,Paquito,Cossom,pcossom4d@nhs.uk,Male,58.5.0.133
159,Faustina,Cockings,fcockings4e@ucoz.com,Female,146.188.245.252
160,Olivie,Pinilla,opinilla4f@gizmodo.com,Female,186.188.215.93
161,Evvy,Westphalen,ewestphalen4g@marketwatch.com,Female,89.33.130.188
162,Rori,Hudghton,rhudghton4h@cnn.com,Polygender,16.120.194.117
163,Kalil,Burt,kburt4i@telegraph.co.uk,Male,29.10.223.67
164,Ennis,Welfair,ewelfair4j@acquirethisname.com,Male,241.245.236.228
165,Oates,Keller,okeller4k@netvibes.com,Male,197.195.11.195
166,Bax,Heindle,bheindle4l@washingtonpost.com,Male,72.10.81.124
167,Godfry,McCrackem,gmccrackem4m@earthlink.net,Polygender,69.226.104.233
168,Jody,Calway,jcalway4n@unc.edu,Male,142.169.229.69
169,Carola,Conklin,cconklin4o@edublogs.org,Female,63.166.190.119
170,Barr,Picford,bpicford4p@cisco.com,Male,111.61.65.150
171,Wilow,Greenwell,wgreenwell4q@geocities.jp,Female,80.121.122.212
172,Nikolaos,Meron,nmeron4r@cyberchimps.com,Male,61.90.53.251
173,Lynea,Matussow,lmatussow4s@jiathis.com,Female,86.75.100.48
174,Ailbert,Tweedle,atweedle4t@bigcartel.com,Male,76.237.75.51
175,Hercules,Morehall,hmorehall4u@bbb.org,Male,224.21.21.4
176,Abbie,Ishak,aishak4v@eventbrite.com,Female,244.223.140.231
177,Marcie,Jillins,mjillins4w@craigslist.org,Female,35.195.225.214
178,Cora,Rowsell,crowsell4x@mapy.cz,Female,128.216.211.24
179,Winfield,Srawley,wsrawley4y@domainmarket.com,Male,36.230.185.112
180,Carlie,Elt,celt4z@netvibes.com,Male,181.156.69.91
181,Alie,Arthey,aarthey50@edublogs.org,Female,174.254.244.151
182,Abbe,Trussler,atrussler51@yahoo.com,Female,246.85.137.19
183,Theodoric,Baldock,tbaldock52@sbwire.com,Male,32.223.13.7
184,Hilary,Burridge,hburridge53@who.int,Male,60.13.86.184
185,Amalie,Rodear,arodear54@bing.com,Female,255.227.187.141
186,Marius,Piddick,mpiddick55@nps.gov,Male,167.124.37.239
187,Halsy,Pagen,hpagen56@drupal.org,Polygender,105.52.157.148
188,Joaquin,Kynsey,jkynsey57@posterous.com,Male,200.137.74.26
189,Rossy,Gretham,rgretham58@liveinternet.ru,Male,18.11.48.26
190,Albert,Bentsen,abentsen59@eventbrite.com,Bigender,234.174.27.198
191,Faustine,Songest,fsongest5a@joomla.org,Female,223.214.115.208
192,Izabel,Stubbins,istubbins5b@tripod.com,Female,180.22.208.214
193,Marne,Hens,mhens5c@slashdot.org,Female,128.42.201.197
194,Inga,Aizikowitz,iaizikowitz5d@desdev.cn,Female,163.29.126.195
195,Dori,Conahy,dconahy5e@economist.com,Female,140.222.42.221
196,Wright,Tiron,wtiron5f@gravatar.com,Male,152.144.47.136
197,Desmund,Wiltshear,dwiltshear5g@shop-pro.jp,Male,255.131.100.211
198,Hana,Polye,hpolye5h@ameblo.jp,Female,181.206.30.208
199,Lind,Goly,lgoly5i@istockphoto.com,Male,252.115.16.100
200,Sunny,Laugier,slaugier5j@hud.gov,Female,155.214.13.21
201,Tyne,Surplice,tsurplice5k@yellowbook.com,Female,182.75.213.171
202,Brade,Guitel,bguitel5l@webmd.com,Male,152.46.73.217
203,Allan,Lesly,alesly5m@skyrock.com,Male,53.112.39.186
204,Joelle,Suthren,jsuthren5n@bloglovin.com,Female,36.152.25.106
205,Minor,Gheeorghie,mgheeorghie5o@cisco.com,Male,213.137.243.202
206,Elly,Navan,enavan5p@dmoz.org,Female,25.189.222.172
207,Margalit,Leicester,mleicester5q@wikispaces.com,Female,12.160.168.62
208,Aldwin,Blackett,ablackett5r@goo.gl,Male,105.228.25.244
209,Timmie,Berwick,tberwick5s@edublogs.org,Male,173.95.170.106
210,Louella,Aasaf,laasaf5t@aboutads.info,Genderfluid,239.240.105.76
211,Selestina,Toffaloni,stoffaloni5u@shutterfly.com,Female,146.24.113.154
212,Daisy,Beardshall,dbeardshall5v@tmall.com,Female,160.101.2.107
213,Priscilla,Conigsby,pconigsby5w@telegraph.co.uk,Female,69.233.210.66
214,Melli,Barks,mbarks5x@phoca.cz,Female,137.56.155.42
215,Batholomew,Matic,bmatic5y@abc.net.au,Male,248.39.182.149
216,Keri,Bruntje,kbruntje5z@marriott.com,Polygender,121.55.92.166
217,Ingelbert,Niemetz,iniemetz60@list-manage.com,Male,64.47.152.127
218,Padriac,Stammer,pstammer61@tuttocitta.it,Male,53.188.191.113
219,Mikel,Jedrzejczak,mjedrzejczak62@tuttocitta.it,Male,42.51.56.150
220,Sydney,Poyntz,spoyntz63@vk.com,Male,195.1.216.171
221,Amargo,Battlestone,abattlestone64@vimeo.com,Female,14.79.199.62
222,Inga,Jorgesen,ijorgesen65@chron.com,Non-binary,214.235.81.228
223,Stormi,Golley,sgolley66@imgur.com,Female,49.29.113.229
224,Dov,MacTrustram,dmactrustram67@state.gov,Male,84.116.41.208
225,Angela,Hourican,ahourican68@twitter.com,Female,204.86.175.30
226,Roslyn,Hares,rhares69@earthlink.net,Female,163.207.10.65
227,Mariellen,Sondon,msondon6a@photobucket.com,Female,146.22.144.179
228,Lalo,Eades,leades6b@1und1.de,Male,140.173.173.115
229,Giana,Adamkiewicz,gadamkiewicz6c@feedburner.com,Female,157.171.50.245
230,Celene,Bromidge,cbromidge6d@census.gov,Female,173.105.167.102
231,Rona,Meiner,rmeiner6e@bigcartel.com,Female,230.209.210.125
232,Caty,MacFaell,cmacfaell6f@chicagotribune.com,Female,39.121.122.59
233,Abbey,Connochie,aconnochie6g@clickbank.net,Male,135.103.106.196
234,Ceil,Deacon,cdeacon6h@statcounter.com,Female,131.171.252.252
235,Henka,Blakes,hblakes6i@loc.gov,Female,213.126.172.117
236,Katha,Musselwhite,kmusselwhite6j@washington.edu,Female,176.162.211.145
237,Nata,Filipponi,nfilipponi6k@bloglovin.com,Female,25.75.254.94
238,Nanny,Gooley,ngooley6l@shinystat.com,Female,59.54.9.94
239,Katee,Bevar,kbevar6m@shareasale.com,Female,17.8.122.180
240,Carrie,Stonbridge,cstonbridge6n@spiegel.de,Female,65.105.218.136
241,Pattin,Eden,peden6o@123-reg.co.uk,Male,196.86.63.48
242,Linea,Beale,lbeale6p@miitbeian.gov.cn,Female,208.89.62.53
243,Chanda,Nicholes,cnicholes6q@angelfire.com,Female,77.47.96.200
244,Herman,Chattoe,hchattoe6r@ovh.net,Male,92.242.177.229
245,Garey,Tapson,gtapson6s@google.de,Male,181.54.162.99
246,Sunny,Suttaby,ssuttaby6t@weebly.com,Female,67.30.203.222
247,Damian,Hrihorovich,dhrihorovich6u@dedecms.com,Male,182.43.79.11
248,Nil,Lasty,nlasty6v@tiny.cc,Male,150.198.212.132
249,Dalenna,Richarson,dricharson6w@blog.com,Female,8.142.220.136
250,Elyse,Trotter,etrotter6x@irs.gov,Polygender,26.12.125.24
251,Wat,Jeannenet,wjeannenet6y@ning.com,Male,145.153.140.44
252,Normy,Tomczynski,ntomczynski6z@ucoz.ru,Male,97.174.130.154
253,Cirilo,Wardington,cwardington70@netvibes.com,Male,18.251.176.255
254,Conney,Dunrige,cdunrige71@surveymonkey.com,Male,187.233.176.23
255,Basilio,Nott,bnott72@macromedia.com,Male,190.230.218.249
256,Innis,Pershouse,ipershouse73@myspace.com,Male,145.214.20.165
257,Francesca,Seyfart,fseyfart74@usa.gov,Female,185.3.104.204
258,Julio,Rachuig,jrachuig75@yale.edu,Male,102.86.95.152
259,Lynde,Booker,lbooker76@google.com,Female,145.159.165.142
260,Emyle,O'Concannon,eoconcannon77@booking.com,Female,186.23.33.209
261,Georgia,McDonagh,gmcdonagh78@google.com.hk,Female,98.39.155.117
262,Klarika,Currao,kcurrao79@cisco.com,Female,123.252.140.27
263,Cher,Critten,ccritten7a@addthis.com,Female,136.85.146.237
264,Dayna,Brunelleschi,dbrunelleschi7b@intel.com,Female,19.145.109.45
265,Tedmund,Capener,tcapener7c@ox.ac.uk,Male,157.69.146.206
266,Wylma,Rayson,wrayson7d@google.ru,Female,214.12.223.136
267,Lyndell,Peter,lpeter7e@is.gd,Female,74.157.83.20
268,Spencer,Cawley,scawley7f@earthlink.net,Genderfluid,31.90.167.117
269,Inness,Cosham,icosham7g@dyndns.org,Male,147.161.30.196
270,Adolf,Woolerton,awoolerton7h@phpbb.com,Male,60.118.40.151
271,Oona,Kelmere,okelmere7i@baidu.com,Female,241.83.7.203
272,Margalit,Balston,mbalston7j@youtu.be,Female,1.158.114.91
273,Fabe,Exposito,fexposito7k@statcounter.com,Male,59.152.198.178
274,Blancha,Lowman,blowman7l@forbes.com,Female,235.206.14.125
275,Pattie,Oliffe,poliffe7m@apache.org,Female,165.65.247.22
276,Noland,Cluff,ncluff7n@businessinsider.com,Male,84.30.87.219
277,Goldi,Kohrt,gkohrt7o@reuters.com,Female,233.133.86.0
278,Fae,Cupitt,fcupitt7p@unicef.org,Female,203.76.157.11
279,Ray,Oxburgh,roxburgh7q@people.com.cn,Female,204.35.135.197
280,Bessy,Urien,burien7r@is.gd,Female,40.213.188.191
281,Laina,Gonsalvo,lgonsalvo7s@domainmarket.com,Female,149.149.116.12
282,Helli,Clotworthy,hclotworthy7t@china.com.cn,Female,127.134.198.82
283,Gusty,Maile,gmaile7u@phoca.cz,Female,242.172.98.136
284,Israel,Grzesiak,igrzesiak7v@globo.com,Male,100.57.234.90
285,Art,Langeley,alangeley7w@dropbox.com,Male,134.214.140.3
286,Dante,Blesli,dblesli7x@nifty.com,Male,230.240.238.155
287,Margette,Maker,mmaker7y@myspace.com,Non-binary,251.62.93.95
288,Jennilee,MacGhee,jmacghee7z@ustream.tv,Female,151.97.3.198
289,Kara,Shaul,kshaul80@themeforest.net,Female,90.249.212.9
290,Sherman,Vernau,svernau81@cnn.com,Male,22.85.2.212
291,Ky,Jutson,kjutson82@bloglines.com,Male,155.193.148.29
292,Dell,Archbutt,darchbutt83@t-online.de,Female,113.173.91.179
293,Ad,McKinstry,amckinstry84@domainmarket.com,Non-binary,107.206.47.153
294,Elizabet,Sivewright,esivewright85@amazonaws.com,Female,171.216.197.219
295,Celinda,Hatfull,chatfull86@indiegogo.com,Female,110.161.131.213
296,Kelby,Joseland,kjoseland87@utexas.edu,Agender,107.19.253.62
297,Doti,Sango,dsango88@nytimes.com,Female,216.113.138.37
298,Marylynne,MacScherie,mmacscherie89@hud.gov,Non-binary,209.254.162.45
299,Nikoletta,Doughtery,ndoughtery8a@yahoo.com,Female,177.132.46.96
300,Neville,Seaking,nseaking8b@macromedia.com,Male,177.67.19.63
301,Tania,Beaty,tbeaty8c@woothemes.com,Female,238.124.145.188
302,Nora,Speake,nspeake8d@prnewswire.com,Female,157.82.78.136
303,Dante,Perell,dperell8e@patch.com,Male,27.29.58.181
304,Malissa,Klosges,mklosges8f@symantec.com,Female,230.119.193.27
305,Gib,Gresly,ggresly8g@umich.edu,Male,180.223.73.133
306,Esma,Bowe,ebowe8h@archive.org,Genderqueer,202.225.133.241
307,Parker,Weatherburn,pweatherburn8i@time.com,Male,51.167.126.184
308,Gibbie,Chesshire,gchesshire8j@go.com,Male,175.72.236.29
309,Jacquette,Kyles,jkyles8k@cbc.ca,Female,29.114.142.82
310,Westleigh,Rossbrook,wrossbrook8l@phpbb.com,Male,219.214.159.192
311,Tonnie,Atchly,tatchly8m@icio.us,Male,232.39.88.154
312,Fay,Vondracek,fvondracek8n@ft.com,Female,222.72.116.92
313,Nadya,Burkin,nburkin8o@ibm.com,Female,124.122.103.46
314,Martino,McAlinden,mmcalinden8p@hexun.com,Male,49.17.247.114
315,Ingrim,Wyld,iwyld8q@rakuten.co.jp,Male,120.92.150.43
316,Ardyce,Schenfisch,aschenfisch8r@timesonline.co.uk,Female,143.230.63.147
317,Gregoire,Leemans,gleemans8s@privacy.gov.au,Male,234.104.48.201
318,Harbert,Sleight,hsleight8t@dyndns.org,Male,133.48.129.50
319,Carlyn,Langdridge,clangdridge8u@mtv.com,Female,77.129.229.1
320,Monti,Trumpeter,mtrumpeter8v@goo.gl,Male,13.35.93.220
321,Yorgo,Hardwell,yhardwell8w@123-reg.co.uk,Male,121.83.77.157
322,Zsa zsa,Duckham,zduckham8x@examiner.com,Female,8.103.128.253
323,Tannie,Lonsdale,tlonsdale8y@timesonline.co.uk,Male,53.24.0.53
324,Hal,Tagg,htagg8z@jugem.jp,Male,173.175.163.255
325,Wyatt,Buncher,wbuncher90@bravesites.com,Male,59.59.205.19
326,Lexie,Wollers,lwollers91@wired.com,Female,121.64.152.27
327,Lara,Buzek,lbuzek92@imdb.com,Female,101.126.127.39
328,Lyn,Rosin,lrosin93@woothemes.com,Female,226.97.147.116
329,Rivi,Mariaud,rmariaud94@ucsd.edu,Female,220.242.138.107
330,Mechelle,Whitsun,mwhitsun95@vk.com,Polygender,55.242.217.90
331,Jaimie,Pantry,jpantry96@vimeo.com,Male,227.173.51.38
332,Deloris,Bittlestone,dbittlestone97@sina.com.cn,Polygender,233.126.228.110
333,Vittorio,Cruden,vcruden98@house.gov,Male,25.232.135.185
334,Shanna,Dunkerton,sdunkerton99@drupal.org,Female,16.151.203.56
335,Tamra,Ivanitsa,tivanitsa9a@google.pl,Female,252.108.75.172
336,Fan,Stephens,fstephens9b@elpais.com,Non-binary,76.243.113.208
337,Halie,Dalyell,hdalyell9c@goo.gl,Agender,76.231.243.196
338,Dania,Mc Corley,dmccorley9d@nbcnews.com,Female,198.145.132.111
339,Kathye,Chaloner,kchaloner9e@oakley.com,Female,8.106.40.190
340,Lazarus,Druett,ldruett9f@paypal.com,Male,31.4.160.172
341,Florella,Suero,fsuero9g@apple.com,Female,77.186.14.97
342,Walliw,Spuner,wspuner9h@amazon.com,Female,3.79.67.254
343,Rikki,Girod,rgirod9i@wikia.com,Female,136.53.194.137
344,Alphard,Brewse,abrewse9j@unblog.fr,Male,215.238.113.244
345,Isis,Gaythorpe,igaythorpe9k@netvibes.com,Female,64.98.245.81
346,Gwendolen,Eppson,geppson9l@unblog.fr,Female,221.175.185.13
347,Bartlet,Beals,bbeals9m@patch.com,Genderfluid,175.68.47.143
348,Gray,Morrice,gmorrice9n@fastcompany.com,Female,62.141.178.80
349,Towny,Bakesef,tbakesef9o@youtube.com,Male,84.228.113.166
350,Edith,Snooks,esnooks9p@senate.gov,Female,217.243.45.92
351,Halie,Gorke,hgorke9q@barnesandnoble.com,Female,177.59.178.84
352,Chiquia,Gilluley,cgilluley9r@example.com,Female,49.237.63.242
353,Charlena,Duplock,cduplock9s@comsenz.com,Female,155.108.221.10
354,Merci,Dunmore,mdunmore9t@blog.com,Female,107.125.1.13
355,Osborn,Jeffress,ojeffress9u@stumbleupon.com,Male,255.64.224.130
356,Wendell,Barajas,wbarajas9v@nps.gov,Male,127.245.19.182
357,Kalil,Pridgeon,kpridgeon9w@dropbox.com,Male,204.121.55.28
358,Humfrey,Tomasian,htomasian9x@redcross.org,Male,253.48.23.78
359,Tiffanie,Rabbatts,trabbatts9y@indiatimes.com,Female,136.16.235.29
360,Carolyne,Harbord,charbord9z@skype.com,Non-binary,252.112.211.176
361,Rollie,Gryglewski,rgryglewskia0@omniture.com,Male,227.190.42.9
362,Jabez,Norval,jnorvala1@nyu.edu,Male,226.84.159.199
363,Missie,Norsworthy,mnorsworthya2@yandex.ru,Female,240.143.30.175
364,Avis,Milsted,amilsteda3@purevolume.com,Female,117.91.86.70
365,Koo,Tinline,ktinlinea4@yelp.com,Female,187.45.2.33
366,Nike,Keates,nkeatesa5@craigslist.org,Female,93.218.160.65
367,Tris,Greenrde,tgreenrdea6@google.es,Genderfluid,65.68.167.60
368,Chuck,Posner,cposnera7@amazon.com,Male,228.44.156.134
369,Alvan,Riall,arialla8@businessweek.com,Male,174.28.92.240
370,Connie,Corradetti,ccorradettia9@t.co,Male,223.217.21.139
371,Kimball,Vairow,kvairowaa@meetup.com,Male,132.147.28.219
372,Theodore,Paffitt,tpaffittab@google.fr,Male,125.98.169.23
373,Hank,MacLeese,hmacleeseac@wikipedia.org,Male,5.203.230.237
374,Phillipe,Lethbrig,plethbrigad@vk.com,Male,202.19.114.198
375,Vanya,Newey,vneweyae@ihg.com,Male,238.155.38.149
376,Elisabet,Edmondson,eedmondsonaf@altervista.org,Female,196.93.163.17
377,Charmane,Gower,cgowerag@biblegateway.com,Female,24.211.98.228
378,Palm,Belding,pbeldingah@ftc.gov,Male,143.159.59.71
379,Nev,Oakly,noaklyai@imageshack.us,Male,176.253.23.243
380,Dewie,Kinsley,dkinsleyaj@opera.com,Male,128.115.17.240
381,Currie,Such,csuchak@ucoz.ru,Male,26.228.116.87
382,Eadmund,McGettigan,emcgettiganal@mashable.com,Male,144.246.158.3
383,Goldina,Andrivot,gandrivotam@about.com,Female,17.221.179.253
384,Rad,MacCollom,rmaccolloman@weibo.com,Male,125.37.50.122
385,Mair,Dumper,mdumperao@dmoz.org,Genderqueer,34.66.227.35
386,Dukie,Paske,dpaskeap@wired.com,Male,45.141.93.198
387,Tomaso,Grunnill,tgrunnillaq@bigcartel.com,Male,41.141.199.0
388,Sapphira,Stowe,sstowear@nba.com,Female,185.47.224.95
389,Julienne,Charette,jcharetteas@webnode.com,Polygender,207.17.103.105
390,Hillary,Daout,hdaoutat@uiuc.edu,Female,50.191.97.4
391,Ruben,Heckner,rhecknerau@cnn.com,Male,74.141.75.159
392,Toddie,Danielovitch,tdanielovitchav@huffingtonpost.com,Male,154.81.147.223
393,Megen,Lough,mloughaw@zdnet.com,Female,246.6.175.144
394,Addi,Cyples,acyplesax@unicef.org,Female,188.115.72.152
395,Edgar,Probbings,eprobbingsay@tuttocitta.it,Male,97.40.189.237
396,Solly,Rehor,srehoraz@earthlink.net,Male,20.183.215.159
397,Willette,Julian,wjulianb0@census.gov,Female,142.250.196.56
398,Israel,Wield,iwieldb1@plala.or.jp,Male,107.199.228.42
399,Skip,Twidell,stwidellb2@google.ru,Male,34.50.64.145
400,Barthel,Rosini,brosinib3@bbb.org,Male,37.175.38.2
401,Edyth,O' Kelleher,eokelleherb4@ucla.edu,Female,242.175.38.106
402,Trey,Hornung,thornungb5@senate.gov,Male,191.221.17.46
403,Kareem,Priestnall,kpriestnallb6@multiply.com,Male,138.25.11.58
404,Cris,O'Loughane,coloughaneb7@earthlink.net,Male,7.145.65.147
405,Charo,Sterricker,csterrickerb8@hugedomains.com,Female,178.121.93.185
406,Errol,Placidi,eplacidib9@huffingtonpost.com,Male,156.180.178.181
407,Prissie,Boynton,pboyntonba@shop-pro.jp,Female,217.41.18.124
408,Currie,Tremblett,ctremblettbb@surveymonkey.com,Male,246.169.180.17
409,Grannie,Scoles,gscolesbc@squidoo.com,Male,208.212.61.227
410,Jaimie,Marskell,jmarskellbd@ocn.ne.jp,Male,211.138.115.246
411,Kaine,Wapol,kwapolbe@time.com,Male,86.168.187.242
412,Suellen,Keetley,skeetleybf@about.com,Female,235.53.54.11
413,Marquita,Ketteridge,mketteridgebg@google.ru,Female,149.36.29.146
414,Lorette,Heeks,lheeksbh@netscape.com,Female,227.50.224.14
415,Leelah,Whitney,lwhitneybi@illinois.edu,Female,41.148.208.41
416,Letisha,Beamont,lbeamontbj@woothemes.com,Female,207.182.50.227
417,Waverly,Archer,warcherbk@pagesperso-orange.fr,Male,17.80.81.139
418,Lorna,Fergie,lfergiebl@si.edu,Female,175.9.121.45
419,Giraud,Losemann,glosemannbm@xing.com,Male,124.218.99.144
420,Geordie,Elliker,gellikerbn@nifty.com,Male,192.110.122.31
421,Halimeda,Giovannacci,hgiovannaccibo@google.cn,Female,162.52.20.209
422,Dylan,Houlworth,dhoulworthbp@nsw.gov.au,Male,156.114.206.219
423,Willamina,Iacopo,wiacopobq@senate.gov,Female,4.140.65.114
424,Shem,Thon,sthonbr@census.gov,Male,231.216.84.238
425,Bernice,Webburn,bwebburnbs@cloudflare.com,Female,129.52.56.89
426,Wainwright,Alti,waltibt@behance.net,Male,113.182.112.188
427,Gerhard,Horsey,ghorseybu@tamu.edu,Male,248.167.120.145
428,Maressa,Sherrard,msherrardbv@fda.gov,Female,72.166.91.159
429,Rey,Beacham,rbeachambw@prweb.com,Female,8.65.207.185
430,Adelind,Juzek,ajuzekbx@vk.com,Female,32.69.251.159
431,Allard,Banck,abanckby@cnet.com,Male,128.231.72.245
432,Mort,Sutehall,msutehallbz@nbcnews.com,Male,96.66.88.67
433,Pavia,MacSharry,pmacsharryc0@unicef.org,Female,138.54.45.142
434,Reeta,Loosley,rloosleyc1@pen.io,Non-binary,164.61.7.191
435,Vito,Lindback,vlindbackc2@nasa.gov,Male,160.97.18.113
436,Lawrence,Sokill,lsokillc3@spotify.com,Male,160.117.237.122
437,Luther,Howard,lhowardc4@bloglovin.com,Male,61.143.199.195
438,Joseph,Somerton,jsomertonc5@prnewswire.com,Male,126.255.0.254
439,Karoly,Lindman,klindmanc6@washington.edu,Male,94.8.204.210
440,Tamara,Philip,tphilipc7@fema.gov,Female,106.214.153.63
441,Leta,Ramsted,lramstedc8@skyrock.com,Female,72.151.250.30
442,Elmo,Sellor,esellorc9@prweb.com,Male,8.55.170.65
443,Kori,Foro,kforoca@list-manage.com,Female,180.70.179.62
444,Diannne,Okenden,dokendencb@printfriendly.com,Female,161.243.132.99
445,Holden,Tollady,htolladycc@phoca.cz,Male,175.180.166.157
446,Dorothy,Linney,dlinneycd@instagram.com,Female,18.127.140.9
447,Flory,Rappoport,frappoportce@tinyurl.com,Female,65.208.12.246
448,Micky,Shafier,mshafiercf@networksolutions.com,Male,216.172.106.46
449,Cleo,Vassay,cvassaycg@domainmarket.com,Female,204.49.249.23
450,Celine,Gilding,cgildingch@nyu.edu,Female,3.201.213.139
451,Granthem,Danilin,gdanilinci@vinaora.com,Male,4.54.252.80
452,Wilhelm,Bockler,wbocklercj@cbslocal.com,Male,77.14.63.240
453,Yorgos,Coveny,ycovenyck@microsoft.com,Male,180.231.118.47
454,Lloyd,Kiffin,lkiffincl@slashdot.org,Male,14.189.85.136
455,Alyosha,Heskey,aheskeycm@yellowbook.com,Male,97.238.167.94
456,Agretha,Filipychev,afilipychevcn@storify.com,Female,170.246.253.208
457,Ariel,Saxton,asaxtonco@google.es,Male,163.174.207.146
458,Tito,Moffat,tmoffatcp@discovery.com,Male,170.244.173.94
459,Brandon,Ivanitsa,bivanitsacq@usnews.com,Male,80.69.195.122
460,Minna,Mallinson,mmallinsoncr@mysql.com,Female,27.121.177.116
461,Sal,Splevin,ssplevincs@php.net,Male,141.114.35.67
462,Hertha,Leopard,hleopardct@bloomberg.com,Female,70.24.38.173
463,Starlene,Meininking,smeininkingcu@wufoo.com,Female,21.129.116.246
464,Tyrone,Wenban,twenbancv@bandcamp.com,Male,181.125.230.220
465,Cecile,Deer,cdeercw@ftc.gov,Female,213.115.65.244
466,Ardyth,Neligan,aneligancx@umich.edu,Female,241.127.36.27
467,Hubert,Peiro,hpeirocy@ocn.ne.jp,Male,81.243.219.105
468,Wendie,Sincock,wsincockcz@auda.org.au,Female,192.44.237.205
469,Doll,Kuhnel,dkuhneld0@samsung.com,Female,138.50.80.72
470,Florina,Keitley,fkeitleyd1@123-reg.co.uk,Female,180.105.238.97
471,Dallis,Jeves,djevesd2@homestead.com,Male,199.66.80.16
472,Clementine,Doswell,cdoswelld3@wp.com,Female,232.5.207.210
473,Keelia,Saint,ksaintd4@vkontakte.ru,Genderfluid,125.117.30.225
474,Milka,Tinton,mtintond5@exblog.jp,Female,46.49.133.229
475,Basil,Cotterel,bcottereld6@un.org,Male,120.130.5.52
476,Hersh,Linklet,hlinkletd7@hud.gov,Male,154.199.169.183
477,Olia,Worthington,oworthingtond8@tripod.com,Female,166.140.2.196
478,Nessie,Hearley,nhearleyd9@tripadvisor.com,Female,245.27.115.55
479,Martynne,Smye,msmyeda@digg.com,Female,162.178.39.118
480,Johann,Goding,jgodingdb@deliciousdays.com,Male,241.106.231.186
481,Jay,Gonnely,jgonnelydc@ebay.co.uk,Male,4.222.0.58
482,Sandy,Twiddell,stwiddelldd@ebay.com,Male,197.54.70.68
483,Tamqrah,Cicerone,tciceronede@kickstarter.com,Female,220.216.221.5
484,Aura,Milam,amilamdf@exblog.jp,Female,30.225.87.142
485,Oliy,Hosby,ohosbydg@google.co.uk,Female,66.234.174.0
486,Trueman,Baccus,tbaccusdh@domainmarket.com,Male,208.186.246.13
487,Aubert,Sarfat,asarfatdi@t.co,Male,91.110.88.9
488,Wayland,Darley,wdarleydj@nih.gov,Male,121.249.230.144
489,Drud,Wretham,dwrethamdk@com.com,Male,184.83.188.153
490,Trevar,Tranmer,ttranmerdl@msu.edu,Male,229.75.95.254
491,Nicolina,Wanless,nwanlessdm@typepad.com,Female,167.110.130.132
492,Kele,McCrea,kmccreadn@jimdo.com,Male,238.175.195.156
493,Rafferty,Edmondson,redmondsondo@ustream.tv,Male,144.242.99.207
494,Bartlett,Frossell,bfrosselldp@wikia.com,Male,3.120.228.219
495,Edyth,Keyho,ekeyhodq@sun.com,Female,22.183.247.179
496,Nataline,Itzak,nitzakdr@smh.com.au,Female,92.127.249.13
497,Blane,MacWhan,bmacwhands@cyberchimps.com,Male,212.17.198.59
498,Laird,Spur,lspurdt@businessinsider.com,Male,138.135.29.163
499,Cullan,Bruntjen,cbruntjendu@shop-pro.jp,Male,88.16.154.46
500,Hildagard,Heggs,hheggsdv@sciencedaily.com,Female,48.184.250.178
501,Marney,Jacobowitz,mjacobowitzdw@plala.or.jp,Female,13.168.2.141
502,Reginauld,Gask,rgaskdx@wunderground.com,Male,63.105.38.174
503,Arden,De Marchi,ademarchidy@jimdo.com,Polygender,202.230.100.80
504,Lyndsey,Conway,lconwaydz@dyndns.org,Agender,36.83.103.15
505,Maurie,Snowden,msnowdene0@gnu.org,Male,81.169.153.176
506,Gibb,Divina,gdivinae1@earthlink.net,Male,133.97.138.106
507,Fedora,Barnish,fbarnishe2@google.pl,Female,81.203.195.26
508,Alessandro,McCrachen,amccrachene3@jalbum.net,Male,113.219.17.32
509,Lennie,Satteford,lsatteforde4@apache.org,Male,223.146.246.88
510,Harland,Sicely,hsicelye5@cyberchimps.com,Male,103.147.46.105
511,Stacy,Ambrogetti,sambrogettie6@pbs.org,Male,182.3.168.185
512,Car,Briant,cbriante7@phpbb.com,Male,74.191.151.245
513,Tommy,Lilburn,tlilburne8@timesonline.co.uk,Male,14.215.248.177
514,Patty,Balsdone,pbalsdonee9@miibeian.gov.cn,Female,192.120.244.80
515,Jolie,Lindwasser,jlindwasserea@facebook.com,Female,146.198.37.112
516,Sergent,Pawfoot,spawfooteb@aol.com,Genderqueer,204.80.10.236
517,Helen-elizabeth,Vanyushin,hvanyushinec@sogou.com,Female,7.135.56.206
518,Lammond,Holton,lholtoned@issuu.com,Male,139.27.1.134
519,Olia,Ghilardi,oghilardiee@google.nl,Female,74.236.65.28
520,Addy,Antusch,aantuschef@umich.edu,Female,18.196.86.19
521,Burlie,Pickthorn,bpickthorneg@google.ca,Male,141.32.18.92
522,Drusilla,Stollsteimer,dstollsteimereh@bandcamp.com,Female,199.144.240.98
523,Fernando,Cersey,fcerseyei@dailymotion.com,Male,136.170.50.114
524,Caleb,Couper,ccouperej@artisteer.com,Male,197.91.175.89
525,Seward,Ganiford,sganifordek@tiny.cc,Male,233.140.189.207
526,Clyde,McArt,cmcartel@toplist.cz,Male,167.144.57.186
527,Marybeth,Kermit,mkermitem@statcounter.com,Female,137.139.83.58
528,Page,Clendinning,pclendinningen@oakley.com,Male,68.168.196.174
529,Aron,Minett,aminetteo@youku.com,Male,182.208.68.88
530,Mitzi,Mettricke,mmettrickeep@clickbank.net,Female,230.100.182.97
531,Sheilakathryn,Hurlston,shurlstoneq@parallels.com,Female,221.227.193.137
532,Byram,McAvinchey,bmcavincheyer@feedburner.com,Male,156.186.156.166
533,Jonah,Seston,jsestones@furl.net,Male,138.8.200.246
534,Holly,Gallager,hgallageret@ebay.com,Male,201.143.59.187
535,Josy,Awde,jawdeeu@tmall.com,Female,76.67.228.29
536,Keslie,McClunaghan,kmcclunaghanev@ucoz.ru,Female,251.80.221.94
537,Myra,Gillaspy,mgillaspyew@jimdo.com,Female,60.14.201.186
538,Felix,Claus,fclausex@cnet.com,Male,19.58.214.104
539,Sapphira,Pritchitt,spritchittey@addthis.com,Female,199.4.191.95
540,Shadow,Scanlin,sscanlinez@biglobe.ne.jp,Male,212.182.106.134
541,Orton,Thonger,othongerf0@qq.com,Male,168.35.3.23
542,Rupert,Northedge,rnorthedgef1@live.com,Genderfluid,26.65.35.235
543,Benyamin,Slewcock,bslewcockf2@weibo.com,Male,239.239.100.119
544,Adella,Antognoni,aantognonif3@virginia.edu,Female,171.140.112.181
545,Biddie,Tayspell,btayspellf4@mediafire.com,Female,1.35.28.79
546,Minette,Jewes,mjewesf5@google.nl,Female,50.112.120.0
547,Tome,Ohm,tohmf6@wp.com,Male,77.199.131.230
548,Neel,Pawelec,npawelecf7@google.ca,Male,125.4.212.69
549,Antin,Bolzmann,abolzmannf8@mapquest.com,Male,122.22.34.101
550,Salomi,Crabb,scrabbf9@skyrock.com,Bigender,170.150.154.11
551,Rogerio,Meltetal,rmeltetalfa@nhs.uk,Male,10.189.36.60
552,Wolfy,Mushet,wmushetfb@blogger.com,Male,164.232.17.33
553,Mateo,Mower,mmowerfc@networksolutions.com,Male,200.55.165.101
554,Norma,Romand,nromandfd@jugem.jp,Female,193.122.17.20
555,Gabriello,Fenny,gfennyfe@technorati.com,Male,98.74.67.122
556,Graehme,Vedstra,gvedstraff@boston.com,Male,26.107.211.254
557,Gloria,Gillow,ggillowfg@feedburner.com,Female,187.60.214.170
558,Jefferson,Stoade,jstoadefh@google.ru,Male,149.175.133.56
559,Dell,Haddrill,dhaddrillfi@alibaba.com,Male,183.99.107.154
560,Elnora,Mattiello,emattiellofj@dailymotion.com,Polygender,205.16.85.156
561,Catharina,Cartmale,ccartmalefk@amazon.de,Female,98.219.105.134
562,Cory,Ottey,cotteyfl@4shared.com,Female,125.14.21.175
563,Avivah,Timoney,atimoneyfm@4shared.com,Female,132.104.74.20
564,Georgetta,Barz,gbarzfn@163.com,Female,98.63.165.193
565,Raffaello,Dominec,rdominecfo@cargocollective.com,Male,109.158.154.18
566,Abagail,Dantesia,adantesiafp@latimes.com,Female,55.189.128.14
567,Barbaraanne,Ber,bberfq@gmpg.org,Female,7.169.82.108
568,Oriana,Sesons,osesonsfr@omniture.com,Female,92.210.252.118
569,Marsh,Gwynn,mgwynnfs@indiegogo.com,Male,249.208.41.125
570,Nessie,Craisford,ncraisfordft@cpanel.net,Female,251.31.177.76
571,Hubert,Beinke,hbeinkefu@goo.ne.jp,Male,26.31.146.180
572,Franciska,Mellor,fmellorfv@google.co.uk,Female,66.223.135.242
573,Lincoln,Norris,lnorrisfw@examiner.com,Male,56.8.138.172
574,Dominga,Dunsmuir,ddunsmuirfx@java.com,Female,64.251.66.78
575,Berkley,Perrington,bperringtonfy@youtu.be,Bigender,43.0.161.24
576,Jaime,Issatt,jissattfz@washington.edu,Female,68.68.202.70
577,Doyle,Gilpillan,dgilpillang0@so-net.ne.jp,Male,131.119.69.47
578,Theo,Milner,tmilnerg1@sourceforge.net,Genderfluid,15.103.174.195
579,Sile,Ceaplen,sceapleng2@wordpress.org,Female,36.67.151.28
580,Justinn,Ledington,jledingtong3@yellowpages.com,Non-binary,191.98.19.151
581,Yetty,Shama,yshamag4@wikipedia.org,Female,252.161.9.135
582,Burr,Dyos,bdyosg5@lycos.com,Male,11.153.54.233
583,Elayne,Esslemont,eesslemontg6@craigslist.org,Female,199.95.48.255
584,Toddie,Tureville,tturevilleg7@china.com.cn,Male,17.214.88.152
585,Colman,Tootal,ctootalg8@istockphoto.com,Male,180.43.92.128
586,Mallory,Sayton,msaytong9@state.gov,Female,197.185.82.238
587,Justinian,Ivatt,jivattga@weebly.com,Male,107.68.185.248
588,Kassey,Hysom,khysomgb@bigcartel.com,Female,237.145.8.177
589,Elnar,Bullers,ebullersgc@epa.gov,Male,217.106.104.132
590,Monah,Muckloe,mmuckloegd@addthis.com,Female,134.197.95.9
591,Levon,Gore,lgorege@noaa.gov,Male,153.33.40.57
592,Sara,Philimore,sphilimoregf@livejournal.com,Female,188.196.255.200
593,Wandis,Jarrell,wjarrellgg@artisteer.com,Female,126.218.107.196
594,Clementia,Barkus,cbarkusgh@cbsnews.com,Female,209.232.246.207
595,Magdaia,Gosker,mgoskergi@fema.gov,Female,55.145.35.78
596,Zea,Hotchkin,zhotchkingj@bigcartel.com,Female,66.95.154.17
597,Staffard,Vlasin,svlasingk@over-blog.com,Male,125.61.154.121
598,Mira,McIlharga,mmcilhargagl@ed.gov,Female,191.9.253.186
599,Rachel,Trawin,rtrawingm@fc2.com,Female,6.44.1.237
600,Luce,Chatwin,lchatwingn@washington.edu,Male,218.234.215.141
601,Darleen,D'Almeida,ddalmeidago@xinhuanet.com,Female,6.188.164.221
602,Tiffany,Adiscot,tadiscotgp@weather.com,Genderqueer,165.213.208.92
603,Demetria,Bentham,dbenthamgq@ow.ly,Female,210.100.162.142
604,Curran,McKee,cmckeegr@earthlink.net,Genderqueer,85.0.238.113
605,Selia,Biggar,sbiggargs@howstuffworks.com,Female,53.133.208.201
606,Diego,Heeran,dheerangt@phoca.cz,Male,148.198.2.147
607,Alford,Gilbride,agilbridegu@a8.net,Male,116.71.47.8
608,Deborah,Basilio,dbasiliogv@about.com,Female,16.41.41.41
609,Ernie,Swatridge,eswatridgegw@google.es,Male,46.14.136.244
610,Carma,Brody,cbrodygx@biblegateway.com,Female,32.219.104.52
611,Chrisy,Binner,cbinnergy@youtube.com,Male,127.102.200.136
612,Elsey,Copsey,ecopseygz@google.com,Agender,110.198.50.103
613,Shannan,Gibard,sgibardh0@naver.com,Male,27.159.196.28
614,Karoly,Pridham,kpridhamh1@stumbleupon.com,Male,142.250.220.213
615,Sheelagh,Nutton,snuttonh2@soup.io,Female,45.63.209.9
616,Harry,Dener,hdenerh3@slideshare.net,Male,199.74.85.4
617,Ellswerth,Probetts,eprobettsh4@buzzfeed.com,Male,26.198.179.221
618,Marcelo,Stockin,mstockinh5@census.gov,Male,189.26.247.108
619,Richie,Fibbens,rfibbensh6@go.com,Male,161.93.200.91
620,Fionna,Gahan,fgahanh7@forbes.com,Female,4.7.202.119
621,Suzanna,Petruskevich,spetruskevichh8@icq.com,Genderqueer,70.0.109.100
622,Katie,Campsall,kcampsallh9@irs.gov,Female,8.66.204.183
623,Ingar,Bosson,ibossonha@ox.ac.uk,Male,51.125.165.84
624,Matthiew,Dawton,mdawtonhb@sciencedirect.com,Male,149.169.124.232
625,Lancelot,Schriren,lschrirenhc@github.io,Male,95.123.75.0
626,Oates,Deighan,odeighanhd@geocities.jp,Male,1.59.248.189
627,Lauritz,Inott,linotthe@storify.com,Male,80.40.23.100
628,Hertha,Smewing,hsmewinghf@wikipedia.org,Female,148.195.81.158
629,Meryl,Forestel,mforestelhg@simplemachines.org,Polygender,150.91.101.162
630,Kendricks,Cutchie,kcutchiehh@symantec.com,Male,222.71.107.232
631,Devin,Jimmes,djimmeshi@time.com,Female,148.199.130.59
632,Leonidas,Luckhurst,lluckhursthj@thetimes.co.uk,Male,22.198.116.59
633,Gerladina,Ponter,gponterhk@jimdo.com,Non-binary,46.83.74.55
634,Rena,Jzhakov,rjzhakovhl@angelfire.com,Female,18.129.144.78
635,Pearla,Woodhouse,pwoodhousehm@merriam-webster.com,Female,177.151.159.131
636,Marcy,Kaming,mkaminghn@bizjournals.com,Female,151.231.144.162
637,Ashbey,Scotchmur,ascotchmurho@weebly.com,Genderfluid,177.186.46.116
638,Bram,Couves,bcouveshp@sohu.com,Male,90.28.64.194
639,Orlando,Shevill,oshevillhq@tripadvisor.com,Male,70.49.231.72
640,Jenilee,Goffe,jgoffehr@topsy.com,Female,6.233.35.85
641,Harp,Grimstead,hgrimsteadhs@google.com,Male,233.108.227.34
642,Laetitia,Gentil,lgentilht@myspace.com,Female,162.168.35.142
643,Ogden,Kinghorne,okinghornehu@goo.ne.jp,Male,32.57.101.195
644,Finlay,Stangoe,fstangoehv@wufoo.com,Male,76.177.28.60
645,Lian,Adrienne,ladriennehw@hc360.com,Female,133.33.123.194
646,Emelen,Duckels,educkelshx@google.ca,Male,152.184.0.84
647,Susie,Lynas,slynashy@fastcompany.com,Female,128.209.45.167
648,Maynord,Rabier,mrabierhz@dell.com,Male,44.125.24.40
649,Ashil,Quinnette,aquinnettei0@storify.com,Female,204.69.128.108
650,Kathleen,Thombleson,kthomblesoni1@about.me,Female,66.224.23.173
651,Christoper,Honnan,chonnani2@ebay.co.uk,Male,135.98.0.168
652,Danell,Whybrow,dwhybrowi3@drupal.org,Female,194.168.163.187
653,Olin,Mullins,omullinsi4@wordpress.com,Male,196.80.157.254
654,Jamesy,Loos,jloosi5@netvibes.com,Male,223.18.47.212
655,Babette,Binks,bbinksi6@people.com.cn,Female,250.140.181.35
656,Bil,Marioneau,bmarioneaui7@opera.com,Male,107.17.17.209
657,Burk,Rosebotham,brosebothami8@multiply.com,Male,224.255.101.111
658,Irma,Lacaze,ilacazei9@diigo.com,Female,73.177.194.121
659,Monti,Rings,mringsia@xing.com,Polygender,173.36.7.68
660,Susanetta,Hiscoe,shiscoeib@army.mil,Female,124.245.101.116
661,Horton,Mitchall,hmitchallic@indiegogo.com,Male,28.181.89.112
662,Isiahi,Rawet,irawetid@mac.com,Male,241.60.100.72
663,Nickolas,Skittles,nskittlesie@sakura.ne.jp,Male,30.95.175.88
664,Cheri,Norquay,cnorquayif@lycos.com,Female,198.237.83.52
665,Jobie,McKee,jmckeeig@pbs.org,Female,195.35.21.157
666,Corney,Boult,cboultih@oracle.com,Male,129.117.166.133
667,Eliza,Pointer,epointerii@blinklist.com,Female,107.147.187.238
668,Neddie,MacMenamin,nmacmenaminij@123-reg.co.uk,Male,33.132.185.179
669,Etta,Dopson,edopsonik@google.ca,Female,5.190.83.156
670,Anestassia,Hartle,ahartleil@reddit.com,Female,80.116.57.192
671,Myrlene,Heinsen,mheinsenim@sphinn.com,Female,173.182.186.199
672,Avery,Skerm,askermin@people.com.cn,Male,159.126.170.175
673,Lambert,Elder,lelderio@hud.gov,Male,11.89.120.212
674,Frederich,McWhinnie,fmcwhinnieip@who.int,Male,149.21.162.235
675,Vachel,Pirkis,vpirkisiq@answers.com,Male,17.91.67.23
676,Thurston,Hakonsson,thakonssonir@whitehouse.gov,Male,121.106.196.0
677,Frederica,Izchaki,fizchakiis@webs.com,Female,105.142.119.14
678,Vicki,Doubleday,vdoubledayit@wikispaces.com,Female,210.31.52.59
679,Leoline,Oseland,loselandiu@state.gov,Female,33.84.119.57
680,Erv,Pigny,epignyiv@techcrunch.com,Polygender,48.190.116.66
681,Farlie,Astlet,fastletiw@virginia.edu,Male,17.137.34.194
682,Fee,Abba,fabbaix@ning.com,Male,250.126.228.179
683,Garland,Flipek,gflipekiy@timesonline.co.uk,Female,56.79.218.206
684,Cosette,Northway,cnorthwayiz@mozilla.org,Female,19.0.172.176
685,Westleigh,Matterface,wmatterfacej0@army.mil,Male,190.149.213.79
686,Ronnie,Cockle,rcocklej1@japanpost.jp,Male,244.225.33.30
687,Angelico,Nussgen,anussgenj2@com.com,Male,234.131.233.216
688,Sharleen,Winham,swinhamj3@wikispaces.com,Female,249.178.96.234
689,Garik,Morfey,gmorfeyj4@chronoengine.com,Male,127.149.79.13
690,Tye,Clarkson,tclarksonj5@drupal.org,Male,220.230.37.92
691,Abigael,Gilchrest,agilchrestj6@csmonitor.com,Female,66.14.245.242
692,Korrie,Sleep,ksleepj7@nasa.gov,Bigender,96.55.67.174
693,Latrina,Isakson,lisaksonj8@ihg.com,Agender,156.207.17.96
694,Danila,Ponsford,dponsfordj9@kickstarter.com,Female,46.107.141.236
695,Gypsy,Harrinson,gharrinsonja@alexa.com,Female,50.183.19.162
696,Xavier,Cattel,xcatteljb@businessweek.com,Male,229.99.16.182
697,Nat,Kunes,nkunesjc@cocolog-nifty.com,Non-binary,120.13.118.215
698,Jarrad,Lammas,jlammasjd@clickbank.net,Male,87.104.195.153
699,Manuel,Drennan,mdrennanje@bing.com,Male,215.102.100.116
700,Franky,Gowan,fgowanjf@imdb.com,Male,126.255.134.212
701,Jacky,Ovesen,jovesenjg@ezinearticles.com,Female,167.57.52.178
702,Josiah,Renyard,jrenyardjh@rediff.com,Male,213.191.154.115
703,Stephan,Schroter,sschroterji@nature.com,Male,66.25.11.57
704,Ricoriki,Dunkerton,rdunkertonjj@nifty.com,Male,63.93.189.32
705,Emmalynne,Orrocks,eorrocksjk@zdnet.com,Female,10.80.3.127
706,Rikki,Gladstone,rgladstonejl@xing.com,Bigender,175.130.143.254
707,Trip,Byars,tbyarsjm@so-net.ne.jp,Male,13.54.40.215
708,Regan,Finnan,rfinnanjn@upenn.edu,Male,8.122.226.13
709,Brig,Humphrys,bhumphrysjo@xinhuanet.com,Male,34.156.59.88
710,Wernher,Hodgin,whodginjp@theatlantic.com,Male,179.130.24.97
711,Nicolette,Bettesworth,nbettesworthjq@xinhuanet.com,Female,76.184.128.64
712,Ody,Breznovic,obreznovicjr@nature.com,Male,55.68.101.27
713,Gunar,Tills,gtillsjs@artisteer.com,Male,241.99.91.40
714,Reinaldos,Mutch,rmutchjt@zdnet.com,Male,123.29.141.140
715,Wileen,McPhaden,wmcphadenju@soundcloud.com,Non-binary,3.138.52.163
716,Thorndike,Cubbin,tcubbinjv@unesco.org,Male,123.105.84.197
717,Gal,Finlaison,gfinlaisonjw@washingtonpost.com,Male,239.44.136.148
718,Nolie,Stokey,nstokeyjx@naver.com,Female,69.38.184.19
719,Gustave,Scholey,gscholeyjy@bloglovin.com,Male,1.183.3.176
720,Ring,Parradye,rparradyejz@usgs.gov,Genderqueer,109.154.5.110
721,Maddie,Rosenbarg,mrosenbargk0@ed.gov,Male,182.32.36.139
722,Rhianna,Stetson,rstetsonk1@ucsd.edu,Female,234.141.61.25
723,Morris,Pridmore,mpridmorek2@feedburner.com,Male,160.0.243.211
724,Darbee,Choudhury,dchoudhuryk3@twitter.com,Male,123.61.70.189
725,Donia,Swiers,dswiersk4@drupal.org,Genderqueer,124.224.185.229
726,Maxie,Youens,myouensk5@google.com.au,Female,131.114.44.199
727,Alanna,Compford,acompfordk6@alexa.com,Female,94.151.31.145
728,Pearla,Lacer,placerk7@about.me,Female,42.105.65.255
729,Philippine,Duplain,pduplaink8@google.fr,Female,208.2.220.73
730,Kanya,Fensome,kfensomek9@blog.com,Female,247.188.53.85
731,Chane,Stegel,cstegelka@dedecms.com,Male,25.215.178.65
732,Shelbi,Mumbey,smumbeykb@miitbeian.gov.cn,Female,22.219.18.187
733,Nancey,Cookes,ncookeskc@mapy.cz,Female,100.173.85.187
734,Micaela,Deetch,mdeetchkd@spotify.com,Female,38.247.134.99
735,Tedd,Immins,timminske@naver.com,Male,182.113.235.105
736,Tammie,Tremayne,ttremaynekf@networkadvertising.org,Male,61.90.6.38
737,Marita,Levington,mlevingtonkg@java.com,Female,137.84.212.254
738,Sterne,Stubbins,sstubbinskh@feedburner.com,Male,185.133.34.100
739,Mose,Scartifield,mscartifieldki@businesswire.com,Male,125.155.25.52
740,Emiline,Hincham,ehinchamkj@foxnews.com,Female,67.93.152.158
741,Huntley,Sieve,hsievekk@i2i.jp,Male,73.139.39.207
742,Davita,Raye,drayekl@alexa.com,Female,71.223.60.95
743,Adiana,Wycliff,awycliffkm@multiply.com,Female,194.223.73.178
744,Nappy,Downse,ndownsekn@sohu.com,Male,18.91.69.240
745,Berte,Leehane,bleehaneko@aboutads.info,Female,174.19.137.74
746,Dorey,Esberger,desbergerkp@angelfire.com,Male,111.65.117.0
747,Brigida,Knappett,bknappettkq@squarespace.com,Female,163.148.127.43
748,Jackelyn,Bussons,jbussonskr@godaddy.com,Female,76.106.253.237
749,Mendel,Eckly,mecklyks@networksolutions.com,Male,24.189.7.200
750,Eugene,Wilfing,ewilfingkt@rakuten.co.jp,Male,35.251.81.248
751,Nichole,Rowesby,nrowesbyku@cnbc.com,Female,91.168.219.115
752,Colleen,Dureden,cduredenkv@princeton.edu,Female,77.107.179.145
753,Andriette,Mungan,amungankw@ocn.ne.jp,Female,112.122.30.143
754,Marjie,Yakebovich,myakebovichkx@canalblog.com,Female,2.85.72.138
755,Myrah,Smalley,msmalleyky@marketwatch.com,Female,101.76.86.186
756,Terri-jo,Harradence,tharradencekz@homestead.com,Female,68.28.211.212
757,Celestyna,Bortoluzzi,cbortoluzzil0@bigcartel.com,Female,71.21.47.70
758,Evy,Gatlin,egatlinl1@ebay.co.uk,Bigender,46.80.93.118
759,Nona,Huetson,nhuetsonl2@state.tx.us,Female,162.162.131.79
760,Lianna,Reddington,lreddingtonl3@163.com,Female,221.4.230.250
761,Kristian,Piner,kpinerl4@mtv.com,Male,74.238.30.78
762,Vaughn,Dawtre,vdawtrel5@oracle.com,Male,115.198.44.229
763,Harley,Keatch,hkeatchl6@weibo.com,Male,104.81.211.242
764,Mehetabel,Hansel,mhansell7@springer.com,Female,140.230.52.68
765,Shelley,Turner,sturnerl8@tripadvisor.com,Male,205.164.80.125
766,Job,Killeley,jkilleleyl9@cnet.com,Male,219.123.144.220
767,Madalyn,Pickett,mpickettla@cornell.edu,Female,108.30.47.15
768,Xaviera,Paulisch,xpaulischlb@ucoz.com,Genderqueer,89.116.15.10
769,Laurence,Rodder,lrodderlc@twitpic.com,Male,149.123.232.180
770,Dela,Cattel,dcattelld@rediff.com,Female,159.162.177.74
771,Stu,Sartain,ssartainle@dot.gov,Male,5.37.131.96
772,Milicent,Titman,mtitmanlf@washington.edu,Female,44.47.32.214
773,Lanna,Tripney,ltripneylg@issuu.com,Female,52.149.252.72
774,Damita,Bengall,dbengalllh@tripod.com,Female,244.161.38.69
775,Rolph,Tixall,rtixallli@reddit.com,Male,52.77.150.184
776,Trixy,Alpin,talpinlj@ihg.com,Female,55.97.71.210
777,Brook,Cadigan,bcadiganlk@miibeian.gov.cn,Female,74.126.184.20
778,Emlyn,Baniard,ebaniardll@simplemachines.org,Male,196.239.31.38
779,Adoree,Heliar,aheliarlm@histats.com,Female,99.166.160.87
780,Shepperd,Dallimore,sdallimoreln@businessweek.com,Male,113.80.149.122
781,Mitchell,Boykett,mboykettlo@amazon.co.uk,Male,35.119.103.167
782,Grange,Colby,gcolbylp@nydailynews.com,Male,38.207.252.136
783,Enrika,Tarbath,etarbathlq@meetup.com,Female,186.227.35.248
784,Annabelle,Blandamore,ablandamorelr@fda.gov,Female,171.184.147.215
785,Arny,Jerrand,ajerrandls@redcross.org,Male,247.19.250.1
786,Kerby,Philcox,kphilcoxlt@nhs.uk,Male,61.19.8.147
787,Salomo,Banton,sbantonlu@live.com,Male,197.46.178.141
788,Cyrill,Warrilow,cwarrilowlv@upenn.edu,Male,40.137.163.15
789,Ogdon,Muscott,omuscottlw@domainmarket.com,Male,11.79.153.201
790,Rhianon,Callington,rcallingtonlx@aboutads.info,Female,120.220.127.247
791,Aile,Whelband,awhelbandly@nyu.edu,Female,109.238.89.250
792,Gisela,Cund,gcundlz@slashdot.org,Female,114.100.234.33
793,Jamill,Darrington,jdarringtonm0@shutterfly.com,Male,234.167.211.104
794,Sofia,Wigan,swiganm1@statcounter.com,Female,85.188.138.174
795,Rivalee,Sessions,rsessionsm2@macromedia.com,Female,17.52.158.41
796,Editha,Twamley,etwamleym3@soundcloud.com,Female,96.193.164.156
797,Waldon,Morrant,wmorrantm4@ifeng.com,Male,102.107.68.240
798,Shelia,O' Donohue,sodonohuem5@mozilla.com,Female,154.125.27.142
799,Ernesta,Pring,epringm6@yale.edu,Female,184.132.185.71
800,Julia,McNeilly,jmcneillym7@hud.gov,Female,246.169.222.97
801,Robb,Palk,rpalkm8@networkadvertising.org,Male,20.14.192.24
802,Hoebart,Mapp,hmappm9@webmd.com,Male,49.53.200.210
803,Jannelle,Bernaert,jbernaertma@creativecommons.org,Female,69.217.120.199
804,Waylon,Brunesco,wbrunescomb@bluehost.com,Male,169.67.201.68
805,Shelbi,Varga,svargamc@admin.ch,Female,232.83.195.51
806,Virgie,Jobke,vjobkemd@wired.com,Female,200.131.169.251
807,Terrye,Kordt,tkordtme@phoca.cz,Female,230.202.104.42
808,Brigitta,Kingh,bkinghmf@kickstarter.com,Female,28.246.100.197
809,Angeli,Lilian,alilianmg@cbc.ca,Male,205.161.248.40
810,Susannah,Kesten,skestenmh@berkeley.edu,Female,187.131.155.45
811,Joli,Donat,jdonatmi@sakura.ne.jp,Female,25.73.94.127
812,Griselda,Kersting,gkerstingmj@nyu.edu,Female,176.56.25.137
813,Debera,Paynton,dpayntonmk@google.co.uk,Female,211.211.199.137
814,Fawn,Libbe,flibbeml@spiegel.de,Female,247.52.61.177
815,Morse,Tuxell,mtuxellmm@hud.gov,Male,99.227.159.68
816,Minni,Vlasin,mvlasinmn@ning.com,Female,109.7.122.198
817,Pier,Shreenan,pshreenanmo@dailymail.co.uk,Female,18.128.60.5
818,Ardyth,Kenworthey,akenwortheymp@usa.gov,Female,190.246.138.102
819,Kelli,McQuie,kmcquiemq@boston.com,Female,53.254.61.166
820,Barney,Extill,bextillmr@prweb.com,Male,139.16.175.173
821,Morey,Leser,mleserms@live.com,Male,111.41.4.96
822,Billy,O'Nions,bonionsmt@businessinsider.com,Female,249.129.151.217
823,Charles,Landeaux,clandeauxmu@xinhuanet.com,Male,168.153.93.27
824,Magnum,Fowells,mfowellsmv@livejournal.com,Male,58.178.193.244
825,Karoline,Chessum,kchessummw@shutterfly.com,Female,149.47.96.42
826,Ban,Lewis,blewismx@oakley.com,Polygender,92.125.56.98
827,Virge,Duckering,vduckeringmy@youtube.com,Male,122.34.141.6
828,Forester,Kanter,fkantermz@pagesperso-orange.fr,Male,31.194.3.65
829,Amelina,Bennison,abennisonn0@1688.com,Female,82.161.98.95
830,Hillie,Broadbere,hbroadberen1@mediafire.com,Male,188.187.146.76
831,Madge,Jull,mjulln2@elpais.com,Female,88.88.111.205
832,Forrester,Camier,fcamiern3@wikispaces.com,Male,35.147.65.172
833,Reinhard,Cuff,rcuffn4@mail.ru,Male,190.44.155.40
834,Crysta,Parkhouse,cparkhousen5@google.ca,Female,179.9.136.8
835,Bud,Thackston,bthackstonn6@engadget.com,Male,246.15.138.71
836,Lamar,Stitfall,lstitfalln7@tuttocitta.it,Polygender,173.183.99.119
837,Free,Ghione,fghionen8@jimdo.com,Male,230.57.65.186
838,Reine,Burchell,rburchelln9@unesco.org,Female,29.42.75.230
839,Adan,Tenman,atenmanna@dyndns.org,Female,241.87.190.245
840,Harlen,McDermott,hmcdermottnb@dmoz.org,Male,105.239.224.117
841,Nikolaus,Masterson,nmastersonnc@auda.org.au,Male,99.181.94.208
842,Emmalyn,Aykroyd,eaykroydnd@rediff.com,Female,170.252.194.197
843,Almeta,Fidelli,afidelline@ehow.com,Female,98.135.230.215
844,Hillary,Gregersen,hgregersennf@harvard.edu,Male,179.253.224.199
845,Letisha,Tewkesberry,ltewkesberryng@washington.edu,Female,87.200.89.32
846,Rodi,Munnery,rmunnerynh@tuttocitta.it,Female,127.29.60.133
847,Lyssa,Seden,lsedenni@comcast.net,Genderfluid,34.187.125.132
848,Shanda,Battrick,sbattricknj@buzzfeed.com,Female,87.41.107.170
849,Cynthy,Matthias,cmatthiasnk@lulu.com,Female,175.88.247.76
850,Brock,Blanch,bblanchnl@abc.net.au,Genderqueer,0.199.82.24
851,Roseanna,Buttler,rbuttlernm@yellowpages.com,Female,248.239.32.3
852,Jewel,Hurdedge,jhurdedgenn@gnu.org,Female,240.178.156.72
853,Shep,Pavia,spaviano@wikia.com,Male,64.158.252.208
854,Britte,Brace,bbracenp@moonfruit.com,Non-binary,228.132.111.153
855,Germain,Whyler,gwhylernq@yolasite.com,Female,93.191.165.196
856,Teodoro,Sutcliffe,tsutcliffenr@hhs.gov,Male,73.7.190.119
857,Whittaker,Scud,wscudns@taobao.com,Male,147.3.97.100
858,Pascale,Habard,phabardnt@mashable.com,Male,33.95.201.132
859,Hedvige,Grane,hgranenu@1und1.de,Female,137.82.219.72
860,Lorettalorna,Stapells,lstapellsnv@webeden.co.uk,Female,163.161.160.187
861,Ambros,Baulk,abaulknw@pen.io,Male,185.59.183.52
862,Lorant,Dixcey,ldixceynx@addtoany.com,Male,119.120.177.230
863,Forester,Burdfield,fburdfieldny@paypal.com,Male,227.137.40.63
864,Coralie,Eliassen,celiassennz@google.com.br,Female,71.205.227.144
865,Jone,Willoughey,jwillougheyo0@t-online.de,Male,67.225.125.15
866,Jordon,Guiso,jguisoo1@phoca.cz,Male,148.125.216.149
867,Adams,Roj,arojo2@tripadvisor.com,Male,86.74.71.5
868,Shirlee,Muscroft,smuscrofto3@archive.org,Female,182.157.128.48
869,Therine,Beaman,tbeamano4@dropbox.com,Female,190.250.6.195
870,Cherilyn,Kittiman,ckittimano5@blogtalkradio.com,Female,192.108.37.203
871,Adelaida,Orpyne,aorpyneo6@squarespace.com,Female,99.0.1.82
872,Lyndsey,Dunhill,ldunhillo7@google.com.hk,Female,148.110.54.43
873,Thaddeus,Towns,ttownso8@blog.com,Male,253.106.111.201
874,Timmie,Cassius,tcassiuso9@umich.edu,Female,0.151.83.255
875,Mic,Oughton,moughtonoa@archive.org,Male,78.43.187.204
876,Kara,Ambroise,kambroiseob@pen.io,Female,157.142.25.134
877,Ash,Lum,alumoc@sfgate.com,Male,19.220.230.86
878,Merrily,Andrejs,mandrejsod@nasa.gov,Female,82.216.239.33
879,Hillary,Savil,hsaviloe@squidoo.com,Male,220.185.138.240
880,Ange,Stode,astodeof@gov.uk,Female,196.43.178.115
881,Wenona,Kerridge,wkerridgeog@nbcnews.com,Female,12.79.253.254
882,Berti,Lelliott,blelliottoh@telegraph.co.uk,Male,78.138.127.83
883,Jennie,Galfour,jgalfouroi@java.com,Agender,120.142.32.167
884,Isaiah,Guerola,iguerolaoj@foxnews.com,Male,155.7.23.199
885,Krystle,Longbothom,klongbothomok@webeden.co.uk,Female,112.14.121.231
886,Gus,Grammer,ggrammerol@uiuc.edu,Male,71.155.122.83
887,Guido,Gooley,ggooleyom@symantec.com,Male,169.209.4.65
888,Sheff,Scarce,sscarceon@slate.com,Male,165.231.234.125
889,Mike,Cranke,mcrankeoo@sun.com,Male,81.121.11.197
890,Lyssa,Holah,lholahop@home.pl,Genderfluid,196.90.169.146
891,Melody,Evensden,mevensdenoq@exblog.jp,Female,159.58.65.99
892,Ronnica,Chitson,rchitsonor@rakuten.co.jp,Female,133.254.224.111
893,Dalston,Grishaev,dgrishaevos@salon.com,Male,63.55.11.58
894,Katharyn,Duhig,kduhigot@utexas.edu,Female,177.221.115.138
895,Shantee,McMenamin,smcmenaminou@bloomberg.com,Female,86.146.68.3
896,Peadar,Matt,pmattov@japanpost.jp,Male,193.24.0.27
897,Valeria,Braunroth,vbraunrothow@posterous.com,Female,134.91.69.107
898,Corey,Mallinder,cmallinderox@youtube.com,Female,224.156.40.163
899,Rubia,Chaucer,rchauceroy@hostgator.com,Female,31.204.34.177
900,Mead,Porcher,mporcheroz@pbs.org,Female,7.110.189.120
901,Jessamyn,Giovannilli,jgiovannillip0@stanford.edu,Female,160.150.198.191
902,Nadiya,Coulthart,ncoulthartp1@flickr.com,Female,45.236.211.44
903,Vicki,Arsey,varseyp2@pagesperso-orange.fr,Female,222.92.16.166
904,Quillan,Heart,qheartp3@chicagotribune.com,Male,80.101.14.163
905,Blondelle,Martinyuk,bmartinyukp4@squidoo.com,Female,23.174.80.161
906,Ruthanne,MacAllen,rmacallenp5@who.int,Female,114.132.187.50
907,Maynard,Noot,mnootp6@wikimedia.org,Genderqueer,164.133.140.147
908,Karil,O'Deegan,kodeeganp7@apple.com,Agender,169.91.159.239
909,Burtie,Mahaddy,bmahaddyp8@craigslist.org,Male,255.162.128.133
910,Marissa,Noot,mnootp9@gmpg.org,Female,114.9.120.250
911,Kelbee,Reddan,kreddanpa@hao123.com,Male,132.147.101.49
912,Steffi,Jaan,sjaanpb@wikimedia.org,Female,126.132.52.72
913,Lesley,Colmore,lcolmorepc@va.gov,Female,117.246.75.10
914,Abner,Boarleyson,aboarleysonpd@bigcartel.com,Male,231.221.22.130
915,Garrik,Whiston,gwhistonpe@usgs.gov,Male,15.209.228.130
916,Foss,Van Merwe,fvanmerwepf@posterous.com,Genderfluid,223.96.31.63
917,Waly,Bather,wbatherpg@utexas.edu,Female,192.226.54.70
918,Sandro,Reimer,sreimerph@youtube.com,Male,120.40.169.6
919,Base,Reyburn,breyburnpi@nih.gov,Male,217.46.208.30
920,Vladimir,Ramsay,vramsaypj@rambler.ru,Male,177.121.171.121
921,Karlyn,Kirby,kkirbypk@alibaba.com,Female,105.57.242.58
922,Nathanael,Hold,nholdpl@wikia.com,Male,251.208.96.27
923,Lacee,Iiannone,liiannonepm@nationalgeographic.com,Female,217.221.107.16
924,Agathe,Querrard,aquerrardpn@ftc.gov,Female,237.140.205.213
925,Gardie,Iron,gironpo@jiathis.com,Male,55.171.24.94
926,Benita,Start,bstartpp@topsy.com,Female,83.196.78.230
927,Deb,Garaghan,dgaraghanpq@stanford.edu,Female,10.201.234.155
928,Eddie,Hugonnet,ehugonnetpr@bandcamp.com,Male,207.68.52.15
929,Fayth,Shimwall,fshimwallps@japanpost.jp,Female,62.29.56.138
930,Magnum,Hanney,mhanneypt@ibm.com,Male,25.37.144.198
931,Jenilee,Bainbridge,jbainbridgepu@narod.ru,Female,158.230.147.56
932,Zebadiah,Alfonsetti,zalfonsettipv@stumbleupon.com,Male,133.128.41.16
933,Harvey,Corry,hcorrypw@uiuc.edu,Male,32.229.15.154
934,Gipsy,Iredale,giredalepx@lulu.com,Female,230.31.169.12
935,Leone,Solman,lsolmanpy@wp.com,Female,55.114.133.49
936,Albert,Bellchamber,abellchamberpz@amazon.co.uk,Male,252.94.204.221
937,Stewart,Flye,sflyeq0@mit.edu,Male,49.3.158.69
938,Madlin,Bolden,mboldenq1@bigcartel.com,Agender,104.220.116.239
939,Temple,Wetton,twettonq2@ucla.edu,Male,202.65.173.110
940,Lauren,Pawnsford,lpawnsfordq3@amazon.co.uk,Female,85.97.51.166
941,Ellswerth,Bamlett,ebamlettq4@ted.com,Male,222.108.251.137
942,Rodi,Gane,rganeq5@feedburner.com,Female,254.179.108.99
943,Bette-ann,Cambden,bcambdenq6@google.com,Female,150.205.216.33
944,Suzy,Knobell,sknobellq7@privacy.gov.au,Female,254.134.36.201
945,Lynea,Vines,lvinesq8@acquirethisname.com,Female,253.169.157.154
946,Travis,Brothwell,tbrothwellq9@github.com,Male,74.110.145.217
947,Burgess,Doxsey,bdoxseyqa@accuweather.com,Male,75.208.37.251
948,Alvy,Towell,atowellqb@google.com,Male,182.24.62.29
949,Hamilton,Wolfarth,hwolfarthqc@blogger.com,Male,20.6.214.43
950,Isidoro,Alonso,ialonsoqd@elpais.com,Male,218.241.75.95
951,Carter,Kellet,ckelletqe@google.ru,Male,193.221.191.88
952,Tybi,Kelk,tkelkqf@ibm.com,Female,202.63.172.32
953,Evvie,Lindgren,elindgrenqg@youtube.com,Female,209.33.193.227
954,Hephzibah,Thorsen,hthorsenqh@nhs.uk,Female,49.27.140.89
955,Modesta,Hinkes,mhinkesqi@jimdo.com,Polygender,199.17.166.160
956,Allegra,Rao,araoqj@abc.net.au,Female,161.146.198.107
957,Gustave,Elan,gelanqk@cmu.edu,Male,231.160.144.72
958,Forbes,Pinckney,fpinckneyql@latimes.com,Male,27.29.165.146
959,Kim,Archer,karcherqm@aboutads.info,Bigender,157.244.169.107
960,Isobel,Gery,igeryqn@guardian.co.uk,Female,68.18.33.249
961,Paulina,Shervil,pshervilqo@techcrunch.com,Female,219.152.100.137
962,Nady,Killingworth,nkillingworthqp@woothemes.com,Female,85.91.183.241
963,Sonni,Gravestone,sgravestoneqq@sitemeter.com,Female,80.111.20.143
964,Broderick,Philippeaux,bphilippeauxqr@discovery.com,Male,102.68.24.19
965,Lenard,Culter,lculterqs@unblog.fr,Male,30.74.132.166
966,Emera,Yurivtsev,eyurivtsevqt@facebook.com,Female,85.216.237.192
967,Licha,Treweela,ltreweelaqu@addtoany.com,Female,36.181.108.213
968,Chariot,Balleine,cballeineqv@theguardian.com,Male,245.44.119.40
969,Tonnie,Minghi,tminghiqw@weebly.com,Male,6.125.7.51
970,Marten,Feldmark,mfeldmarkqx@google.com.br,Male,18.102.39.230
971,Rasia,Knights,rknightsqy@jimdo.com,Female,141.112.1.75
972,Jud,Hambridge,jhambridgeqz@wikispaces.com,Male,61.135.18.158
973,Gonzalo,Ege,geger0@hhs.gov,Male,77.183.210.84
974,Guthrie,Wooffitt,gwooffittr1@squidoo.com,Male,246.204.253.176
975,Javier,Russam,jrussamr2@tuttocitta.it,Male,225.48.231.247
976,Celesta,Titley,ctitleyr3@hugedomains.com,Agender,82.235.119.251
977,Suzi,Braisher,sbraisherr4@go.com,Female,139.29.51.243
978,Lottie,Haldenby,lhaldenbyr5@earthlink.net,Female,100.11.204.162
979,Loren,Whistlecraft,lwhistlecraftr6@google.com,Male,233.140.12.156
980,Fayth,Vassie,fvassier7@simplemachines.org,Female,82.134.79.23
981,Cornie,Byer,cbyerr8@wiley.com,Female,154.68.147.222
982,Conroy,Lickess,clickessr9@4shared.com,Male,187.34.54.255
983,Maitilde,Cutting,mcuttingra@themeforest.net,Female,64.49.212.55
984,Keelby,Farish,kfarishrb@taobao.com,Male,85.50.80.35
985,Rana,Grimoldby,rgrimoldbyrc@facebook.com,Female,240.58.96.233
986,Camile,Ridoutt,cridouttrd@dot.gov,Female,70.16.55.174
987,Ginevra,Elliott,gelliottre@deliciousdays.com,Female,95.170.179.140
988,Giusto,Rexworthy,grexworthyrf@usnews.com,Male,33.178.68.250
989,Jamima,Meldon,jmeldonrg@xinhuanet.com,Female,14.10.111.80
990,Marina,Ingilson,mingilsonrh@ox.ac.uk,Female,169.166.95.38
991,Mareah,Bednall,mbednallri@google.nl,Female,85.45.112.195
992,Jedd,Saunderson,jsaundersonrj@globo.com,Male,209.147.107.94
993,Faydra,Gever,fgeverrk@flickr.com,Female,103.164.80.112
994,Bobbi,Lorincz,blorinczrl@hubpages.com,Female,160.72.148.122
995,Clemmie,Arnaldi,carnaldirm@zimbio.com,Male,171.181.153.219
996,Cara,Keets,ckeetsrn@tripod.com,Female,39.94.10.65
997,Harli,Guillond,hguillondro@privacy.gov.au,Female,199.98.146.144
998,Vidovik,Connechie,vconnechierp@scribd.com,Male,244.148.154.139
999,Any,Pentin,apentinrq@howstuffworks.com,Male,29.8.1.17
1000,Edeline,MacNeilage,emacneilagerr@si.edu,Female,228.234.57.137
